image,net_win,min_win,BF,PRI,VOI,COV,BDE,ARI,NReg
309040,-2.875,-6,0.523305679266552,0.6878216625251394,3.337768858738796,0.2755014611696048,7.067639206053864,0.1163494966385492,43.0
134049,-2.375,-6,0.3796985264094039,0.7056203975782326,2.74071447538026,0.3539239258357908,16.72207032314197,0.2065239641326012,29.0
145079,-1.0,-5,0.3102110162292247,0.7763090985947263,1.971129978336154,0.5443434829492114,14.90489459852849,0.4478212546360564,18.0
109055,-0.75,-5,0.2086853963640972,0.4803909799102284,2.895506614280522,0.3454208430630696,32.97189556022324,-0.0406871189140684,59.0
2018,-0.5,-6,0.3508888116063211,0.8544381099306285,2.082019781902212,0.5057531468809107,11.568573347124028,0.5077192160539155,14.0
335088,-0.375,-3,0.3834381645430438,0.7480276373414719,3.0996971818372616,0.3383979508270949,11.6549170628556,0.2291321039425529,15.0
288024,0.0,-6,0.484009559509524,0.8511753075473718,2.4842585740785803,0.4907677490914606,8.769807465150388,0.4299402477441628,36.0
196027,0.375,-6,0.5634261538509004,0.5632255214728702,2.5947945562302683,0.4011258035489817,9.42963345973,0.1976481285784661,69.0
189096,0.375,-6,0.3970540157517404,0.6179950820922202,2.9612488195397493,0.28555528305903,24.235537177696823,0.1170786007144782,41.0
207038,0.375,-6,0.2909220559410245,0.5985033230542649,2.9021922897684425,0.3844248858423098,26.72395832786976,0.1582860437966326,73.0
226022,0.625,-6,0.433895034168721,0.6326432870964855,2.918298009394067,0.3549316936163401,13.107340321417718,0.2800615682878846,171.0
120003,0.625,-5,0.5424368128573566,0.903748696883412,2.1178868657673138,0.5320424016916595,6.972271116887755,0.531379550995756,46.0
17067,0.75,-4,0.4138882781215519,0.5986448330004575,2.7418950963077564,0.3221438964612497,28.24179120905488,0.1485253775529697,19.0
107045,0.875,-4,0.353589588621292,0.5353601301711078,2.362727515349184,0.3572735890062855,15.066207368493329,0.108587850562662,18.0
259060,0.875,-5,0.3909667425280722,0.7848361507397148,2.4429584564214286,0.4353744352754048,8.639617706000688,0.3578032236465006,32.0
140088,0.875,-3,0.3603716084382105,0.8622577835394164,2.1613310054612613,0.5147542710140665,13.738558747878262,0.5619701364027239,46.0
79073,0.875,-4,0.4264946034113717,0.797820732096312,2.685194601954726,0.3904165193696062,10.198574881046849,0.340659789823155,28.0
258089,1.125,-3,0.4539645924865091,0.8352635280020637,2.473352047002259,0.4326432889149599,14.248316239297036,0.3841775136446464,21.0
217090,1.25,-3,0.479311057629304,0.7822462750835226,2.674578804218828,0.3442829802018717,14.17535129403573,0.3059813803629445,16.0
108004,1.25,-6,0.266460539659146,0.7101214313660684,1.565802073952956,0.6833430333225401,21.96662388590812,0.3821409360115907,51.0
268074,1.25,-2,0.2244921354933192,0.631532604774869,2.061020172533202,0.4625079577386888,35.889764379564056,0.2589602306294981,10.0
223060,1.375,-2,0.3593106710666648,0.7454777916393577,2.060728494980617,0.4591461009202251,22.429089191405257,0.3312468086099152,15.0
81090,1.375,0,0.3840642136246832,0.7694799891897126,2.304049733281884,0.4607094900163922,12.97570033184262,0.3557995196123967,17.0
45000,1.375,-3,0.3649329800211837,0.7540392644239431,2.344584686332225,0.4098705723697371,14.148004745665547,0.325632592464564,17.0
196088,1.625,0,0.3725076281654319,0.5213670619062609,2.43598698947628,0.3905259522598844,15.878075398394287,0.1512758207288791,16.0
393035,1.75,-2,0.5022646064719956,0.8908186196108088,1.894401606880512,0.5672685690550338,8.740337511411658,0.653956841381506,47.0
77062,1.75,1,0.2629170881300995,0.6162710816060079,2.657898405090578,0.3235150080778475,32.37013378482104,0.165167696942538,12.0
107014,1.875,-2,0.3664176912193297,0.7644178262624343,2.427910607400128,0.4952831925859435,15.182334510971405,0.4225033920556097,43.0
230098,1.875,0,0.380120792657444,0.7723606731351877,2.664942800441609,0.307462709930033,12.102491141988654,0.2659594832886858,20.0
108036,1.875,0,0.3396615963908649,0.5625033776526924,2.9246370120586924,0.3409153135496253,12.920276886586706,0.1473095639341044,45.0
33044,1.875,-2,0.3440141856596,0.6672934193491793,1.6671360454276107,0.5362893039459435,23.0160448517726,0.3687967079232698,14.0
376086,1.875,-4,0.4387905363997522,0.8282735429935325,2.8130397160773213,0.3832392617416857,16.16627154520824,0.3110854082462857,67.0
92014,1.875,-5,0.5269995268061246,0.6590226101081992,2.3285749501897515,0.3984070861989237,14.210854587406066,0.273223226052834,22.0
120093,2.0,-4,0.5973542740672895,0.8818007784755885,1.954306925771781,0.5892301418263192,5.211356723284605,0.6424852713394078,73.0
112090,2.0,-3,0.4750050546149752,0.8517624916890085,2.266248277688794,0.4817801633296912,10.835106301569532,0.4333073114142615,35.0
207049,2.0,-1,0.3361570677054709,0.802513849802722,2.2037905138085416,0.4558714947510707,16.21087002019899,0.4349479738053988,30.0
64061,2.0,-5,0.4661003353114792,0.8205585359238693,2.3514147375573486,0.4910979132364567,9.74511135347298,0.4177233288516806,51.0
196040,2.125,-4,0.394190475261558,0.7169858022443611,2.334018758490079,0.4930595901985098,14.635482407201916,0.3009803942351657,21.0
226033,2.125,-5,0.6153681541802313,0.81748802645074,1.461767921660308,0.6582383053496421,15.217428441524431,0.6300583164396971,20.0
344010,2.125,-5,0.555122111386298,0.7299104439308546,1.8492536850699444,0.5463844035452379,13.778557913442716,0.4337920386553753,30.0
130066,2.125,-3,0.3435786668414167,0.7367032627812251,2.421018989718881,0.4194758919583853,18.793910413054032,0.2989344976896116,17.0
164046,2.125,-6,0.4167967041929376,0.5821330653782109,2.491272168467812,0.4407257196092471,14.623318190938528,0.1724436846662526,54.0
189013,2.125,-1,0.4765737290597139,0.8217091028666255,1.7753244212136938,0.5664999009927273,9.698031123621757,0.5580710795423391,15.0
10081,2.25,-6,0.4192706464208733,0.8141686007664652,2.1664390983624444,0.474513153081636,13.11772000545562,0.4602440396282848,27.0
209021,2.25,0,0.2420731661051013,0.590195604537985,2.2935105088900465,0.4580152922998178,22.16542251606691,0.193561441589572,22.0
81095,2.375,-3,0.4684065659142146,0.8652448119664718,1.929955217482267,0.5683920693950115,10.312393521937656,0.5885513801836096,28.0
159002,2.5,-6,0.4368242650967353,0.7742501569019656,2.29725256176662,0.5170482145943521,14.021642067124551,0.3989524052466043,49.0
104010,2.5,-2,0.3652236046606901,0.5189632089653639,2.8568117120294088,0.3127170353943107,14.53091995160791,0.0281546131533331,60.0
69007,2.5,-5,0.5033458216940172,0.8835537275247519,1.7702767726199906,0.6277975696447762,7.129128724472579,0.667257513273008,16.0
326085,2.5,-3,0.4455365306164036,0.7456596463894416,1.596940548540697,0.6058156685811337,22.185360372234232,0.4444287691177767,17.0
247012,2.625,-6,0.5863842131200683,0.7588072209054728,2.353634405159712,0.5045555643597976,7.891896134387861,0.3993591227685956,49.0
157087,2.75,-6,0.566600758270292,0.8964296589195625,2.2307338305948776,0.5070670420915749,6.711996760119772,0.4646077903255371,28.0
225022,2.75,-2,0.6395388205207383,0.6550422417664682,2.509879453943729,0.4564901415183319,10.646108574337514,0.2679467461409276,137.0
189029,2.75,-5,0.5203739418716308,0.9031241216222088,1.6320170119639703,0.600350585329099,9.839040119927546,0.7041292020973619,39.0
100007,2.75,-4,0.5744187088482139,0.9229482228882984,1.0015976396145834,0.7942364132557402,6.237642144243469,0.8206167592989594,13.0
48025,2.75,-6,0.4596701520647471,0.8445230814265244,1.586230842897742,0.6710905036364834,9.01590896035247,0.6819394940381246,26.0
70011,2.875,-6,0.3966968710188029,0.3997556061796292,2.593222999214908,0.3610389617901868,20.95825513811092,0.0761054354828183,47.0
223004,2.875,-4,0.5609199845053356,0.777952641966007,2.1802160087597944,0.4367616686137009,13.208155391631948,0.3752963935116052,33.0
281017,3.0,-1,0.5180890982555434,0.90984480418779,1.4161631058939437,0.698973521135221,11.540878312449992,0.7837943145383623,58.0
347031,3.0,-1,0.4031560269691558,0.8949863633463944,1.518918052591762,0.6708240950816106,20.122672114874906,0.6391075125350791,17.0
289011,3.125,1,0.5129605833554721,0.6922047073911874,2.201834540343268,0.4791411122116787,15.951879578107244,0.3177730170345292,95.0
250047,3.125,0,0.4166616125235738,0.7097247740247596,2.445235521384609,0.4705984639787989,21.590509236314546,0.3742732758143656,38.0
147080,3.125,2,0.5626587898153903,0.8635162468074433,1.827659360086464,0.499499382344912,9.746946337692044,0.5390846678245317,12.0
146074,3.125,-1,0.6608485989576357,0.939716460550052,1.7370350539768018,0.6551076729220998,5.50962386256079,0.6900648516088368,68.0
6046,3.125,0,0.495234460475162,0.8641719063707104,2.079276324509298,0.532379438217258,10.707280142767749,0.5200019593962476,18.0
48017,3.125,2,0.2314661176391144,0.770250005797098,2.551007448292787,0.4291569132163446,38.27046281335732,0.3561963201175007,25.0
35028,3.25,-4,0.4273260211536116,0.8472901807597223,2.4422655158208606,0.5304701355767493,8.44246565050937,0.5337872280006568,109.0
71099,3.25,1,0.3981892795449947,0.8450678629594905,2.0219220353240965,0.4866556953356576,11.300701471842142,0.5175830604410693,20.0
181021,3.25,-4,0.5310721841320545,0.567395783783247,2.8390859355404547,0.4700103476468671,16.606935214966498,0.1792055059107099,76.0
41085,3.25,-3,0.4311703958514732,0.8158944510379792,2.0539421250644034,0.5146580087381344,14.53768184529912,0.4835204142643792,36.0
35049,3.375,-4,0.4043252539181408,0.6903106566298179,2.8926568243520543,0.3956796182158169,15.01407174409959,0.3194118674770488,59.0
15011,3.375,-2,0.5266068376106723,0.9277441125394734,1.8756880816442467,0.6200684501794347,5.885974474878483,0.6789367324888481,32.0
179084,3.375,0,0.5652557253853817,0.8810766229869179,1.7508786871360562,0.6600862851758942,6.682675450708625,0.6258661169879682,52.0
247003,3.375,-6,0.3941228171529598,0.6386161560572727,2.3292349552139,0.468198830774703,14.32467590716151,0.2883737843469382,21.0
243095,3.5,0,0.5611717483192447,0.9240440426420764,1.940509512944277,0.5953773217018961,15.08071857985016,0.6992827304342099,42.0
43033,3.5,-2,0.2586129207777288,0.6714717044879627,1.7983321822310394,0.5313746696524982,19.904906445695435,0.3843432817777281,51.0
49024,3.5,-5,0.4249944661169706,0.8382164421100793,1.845855496889521,0.5430774648148736,14.891040617304885,0.5029915999719392,42.0
335094,3.5,-2,0.6305525710153003,0.8468481341046108,1.879566862196657,0.5554757272443382,9.370315650386608,0.5306052824134553,24.0
36046,3.5,-6,0.6118204045577859,0.9076513060741428,1.1752134048947134,0.7046149678945867,7.573461906065677,0.769893960613946,30.0
8068,3.5,-2,0.6021936423734788,0.8795011361808612,1.396286000726822,0.7814166303004015,4.304860785337552,0.7613804211140734,49.0
16068,3.5,2,0.2260382214030932,0.8914846488651631,1.8361790197600587,0.6540458432079336,12.295213704861824,0.7351369615127946,30.0
277053,3.5,-6,0.5653509638835874,0.8115662481111612,1.9600486772663048,0.5423747207774356,6.943151088226536,0.5209245336726831,23.0
220003,3.5,-2,0.5722057112929722,0.7212961324749131,2.50691356210014,0.4449982966987112,6.661562134837851,0.3219491205998172,49.0
105027,3.625,-6,0.569067363514401,0.5593388527746186,2.343145108315647,0.4488378340632589,8.638179280480694,0.2192260137635705,43.0
141048,3.625,0,0.3756464084339054,0.6395520335766571,2.25913916677512,0.497687682196907,19.87629994878744,0.2483175041684353,22.0
230063,3.625,1,0.5843170407832338,0.8562777800205528,1.998909854004149,0.5415825730926571,7.840903099174037,0.5511540913312112,48.0
253016,3.625,2,0.6049834741355657,0.8905470622002267,2.0672321468350243,0.5147976662714011,6.662544673996711,0.5220576001584949,24.0
160006,3.625,-1,0.4070881694203546,0.8825399151754534,1.9365956991685256,0.5545082873803041,10.774619438093008,0.6525793914876696,22.0
334025,3.75,-1,0.4471587784676779,0.902369762671564,1.5011381673413875,0.6843470650792528,11.480386999411726,0.6692443682907564,18.0
175083,3.75,0,0.3876179663417265,0.7612674532917499,1.98683016927022,0.5429921905041232,13.574132908138829,0.4625756767870054,19.0
118031,3.75,2,0.4538627660727632,0.8017439195657442,2.0740372537253897,0.493542005501688,13.148405354446131,0.4346070794826017,20.0
201080,3.75,-2,0.6410094748630498,0.8803963449160412,1.52179054012578,0.7167893322773834,6.895515189973291,0.7187606602008062,35.0
81066,3.75,-5,0.4975305289458759,0.9125134245855276,1.2707646793461091,0.7568972413597999,5.246639478679754,0.7870947509903601,19.0
118072,3.875,-5,0.4397136878030681,0.747505217541959,2.4822585517705025,0.4552993137286216,12.731656804860448,0.3408354657323584,23.0
87015,3.875,-5,0.4925357714168107,0.6446670411709393,2.5215228152181446,0.4412464711801832,13.29416189627272,0.2938131912136977,34.0
206062,3.875,-1,0.6220910491610516,0.8450846538887553,1.6509934093510914,0.6650826083637744,6.029798094762604,0.6240722892121828,55.0
20069,3.875,-4,0.521280230766035,0.8461860434679548,2.283757445547672,0.452449103904544,10.576178250217785,0.4289179475398068,61.0
106047,3.875,-1,0.2693532389599896,0.6390253709865835,2.046156503061383,0.6028242677618708,31.111804739568903,0.2572936200017486,66.0
198087,4.0,-3,0.7122599086086397,0.8961018298957745,1.7036140920132194,0.6492174848656468,4.106369901873482,0.583956544985696,42.0
208078,4.0,-6,0.4162341068853645,0.7440368908688846,2.2703159586604054,0.5374162077766627,10.874106386350627,0.407565918053731,19.0
385022,4.0,-5,0.4665764341005513,0.8196199650274755,2.095578838888624,0.5146385699214837,13.177197021571036,0.4943828481677149,24.0
368037,4.0,0,0.53632651470154,0.9268518649859748,1.9883986078728115,0.5744553915082328,6.414863756323302,0.5770771087408525,43.0
16004,4.0,0,0.5299795166581056,0.8218020003628933,2.2731443037714327,0.4321212186688073,8.457088615767445,0.3811958390219715,38.0
253092,4.0,-5,0.3575352443080449,0.6430959565686455,3.145908890879167,0.3380926075957663,11.087462211777122,0.2090708973242588,35.0
3063,4.0,-3,0.6465084131010249,0.5856707027975369,1.8268507863397616,0.4851040330496152,10.735411581218775,0.2828685548222573,46.0
285022,4.0,1,0.5049663725234976,0.8789347520434392,1.513806726238322,0.6571950084979865,8.707016854552021,0.7203815040321787,49.0
296028,4.0,-6,0.6150334673375226,0.8825031707021683,1.6623981646302652,0.6409350167739847,8.131404017515235,0.6064196174303456,28.0
80085,4.125,-1,0.6808644034181164,0.8806458773757573,1.4822466396876404,0.6696844748377592,8.448808435716114,0.6758954953642925,48.0
161045,4.125,-2,0.5000761789319904,0.8351186261579221,1.8110440977769908,0.5812065159323384,9.341661971874805,0.5219745829794215,30.0
157032,4.125,-2,0.6044299413559496,0.7970704212666345,1.868984066940212,0.4894918970284828,11.138084629233962,0.4262779710457385,60.0
188025,4.125,-1,0.5866742695091994,0.8740848871653191,2.139108981929384,0.614466384534427,4.952900322848819,0.6075594062459453,21.0
326025,4.125,-2,0.448507947918656,0.7164342816647304,2.720331029264675,0.4893203981212196,12.390235823854486,0.3371936592996059,65.0
41096,4.125,-4,0.378406861851625,0.8616962126124514,1.803943812589826,0.6611611629529743,14.079444008569936,0.6619728586439236,26.0
69022,4.125,-5,0.2178469249283777,0.5918274047561976,2.5945407045670623,0.4968053199460035,17.668577356335877,0.2322027204167735,23.0
70090,4.125,3,0.4072546383883621,0.7291122994099242,2.182105820676141,0.5117863965724215,17.063200588397578,0.3745141294152916,27.0
388018,4.125,-2,0.6622410915119445,0.9053239230242038,2.189123095008725,0.4729538140817254,7.9448765935412125,0.4744580902700704,40.0
183066,4.25,-1,0.4639345929900322,0.7245885810325062,2.3065906662296043,0.4632111736197176,11.696697836186836,0.332528745635805,34.0
226060,4.25,-5,0.5918906216904923,0.8863627073013421,2.16314449202542,0.553967255102034,7.325715805245924,0.5134486053766315,69.0
317043,4.375,-2,0.3733507141548027,0.6632721208616565,2.1337253528533724,0.5664689135795926,18.821069265332817,0.308368537664712,88.0
185092,4.375,-4,0.6129395018801608,0.9239947556705826,1.2250277841568329,0.77123230202348,5.653921031859295,0.8190245803929933,39.0
163004,4.375,1,0.4730859676305653,0.8763960392079128,2.030636193068481,0.5528110807915559,10.264712320091618,0.5562090977339422,28.0
14085,4.375,-4,0.3505328460416164,0.7054042589894365,2.448231711489453,0.4450541107629524,12.183155909372434,0.347974999176545,39.0
235098,4.375,2,0.5942613231096463,0.9287242562457564,1.538538982378982,0.7020185434442832,6.174349678253536,0.7596378316470996,41.0
187058,4.375,0,0.3892493131775049,0.7094557187960171,2.468793524656115,0.4270600604237801,15.485892346916126,0.2759052942601034,19.0
159022,4.375,-1,0.3650370962762784,0.6646207860173527,2.172425696432216,0.4337311654200758,11.18037569113412,0.3542259270263691,52.0
112056,4.5,-6,0.6218117331402192,0.7624990149967149,1.5842403679034935,0.6585015401525801,6.296851812187062,0.529360047700833,45.0
118015,4.5,3,0.5003232365934652,0.9283345522843368,1.672871250161219,0.6638608757448685,9.936711034595255,0.7844145579605232,26.0
202000,4.5,0,0.4361053735398117,0.8312152748883174,1.7919725286040495,0.4804556360752361,14.106788344077833,0.4797087072451777,29.0
141012,4.5,1,0.2365244656237552,0.599595030643745,2.210223314689263,0.4939384516770742,19.163862103578687,0.2266360648373618,28.0
145059,4.5,0,0.5847657181362023,0.8841990342890542,2.150942355151243,0.4694594993910103,7.847730319056156,0.4746021204407437,27.0
384022,4.5,-4,0.6427700756374651,0.9144673488147896,1.1673279859843126,0.761117799054838,6.050494644873891,0.7757826465023994,48.0
365072,4.5,-4,0.6115368721799144,0.8686314736623438,1.96749539785727,0.6032295829428486,6.443888638861957,0.5421859096912617,27.0
41029,4.625,-4,0.5281001017263957,0.805943930258915,1.8994561386552573,0.5939665931242568,7.941869675338334,0.4704043156666548,21.0
388067,4.625,2,0.6913911055539096,0.9644438679170412,1.6419424952922412,0.6350487981866617,4.11570905503439,0.6857143287999847,44.0
290035,4.625,-5,0.6592830818161417,0.8397032973289086,2.121370737181129,0.5518147616671623,6.037431476173316,0.4739063862415452,71.0
43051,4.625,0,0.4242135023144636,0.7659970614837691,1.7737921415528295,0.7203448103759176,13.021092693616223,0.5295178001180959,187.0
103078,4.625,1,0.5535762164893266,0.8330132046313828,1.811220353376265,0.5440664834284465,11.17650312643365,0.507674653202087,18.0
249021,4.625,0,0.5457999892545762,0.8073668543209364,2.163488753774991,0.611109546828995,7.199978134776245,0.6010383024454053,83.0
257098,4.625,-2,0.5183074496993043,0.8119631338967206,1.712768523236477,0.6450995386811818,9.239515288604682,0.6153751413556359,37.0
15062,4.625,-3,0.5374005533725338,0.8893029528179763,1.3725871126274931,0.6321297545318808,10.038946712083764,0.6770999049060021,28.0
268048,4.625,2,0.380100778460914,0.6999663001021531,2.080632670374642,0.4698189710509,20.346155430338577,0.3657939037107199,21.0
23050,4.75,4,0.6731564227046745,0.933458487266838,2.074759036948709,0.5568336467010618,4.127157284055639,0.5524122702671196,48.0
226043,4.75,3,0.5352824824643214,0.8327960789167752,2.951043881438583,0.3849213520931635,7.192432444901867,0.299083452262134,45.0
101027,4.75,1,0.5716631630902371,0.8149009376633947,1.6205563412260886,0.5993361755240585,12.789684618888275,0.4996567093749274,14.0
117025,4.75,-2,0.6020708010602641,0.8980363007058567,1.1088477924578606,0.6848225616721959,8.504858608799083,0.7659554613688434,23.0
168084,4.75,0,0.4979523348766478,0.8803261213939267,1.8555544848850312,0.5741700921745106,14.880851091129191,0.5657856195745942,25.0
156054,4.75,0,0.4287699017685746,0.7511844740092524,2.1724686097163195,0.5227550803623939,13.440620850397028,0.414057209582523,16.0
140006,4.75,-1,0.4472281381063055,0.95389513445794,1.4004250747235965,0.7007940643726568,7.101881398588733,0.8434319100494432,31.0
69000,4.75,1,0.4880718456837953,0.8579905052092839,1.8109508568098671,0.592526469564564,8.52230342676611,0.606845626517421,44.0
372019,4.75,2,0.4969227774228036,0.8094624207110528,2.136684566047756,0.5180143770435464,11.822634296522493,0.4210772528716425,44.0
80090,4.875,-3,0.5856887418785568,0.8125550476257465,1.734601880380631,0.6597544365496183,7.843222241140111,0.6080383238865967,57.0
78098,4.875,2,0.3911165138806669,0.8597192087659861,2.385912325971941,0.4616576997661559,10.58523712387824,0.4545639245691069,27.0
384089,4.875,4,0.5730065536083185,0.9060788785697748,1.507258479888327,0.6873051347911698,7.385952846962614,0.7277612609888167,52.0
232076,4.875,0,0.4611000788506222,0.7802050351830991,2.195893271662546,0.533950228796541,7.862246922311914,0.4739553666783305,45.0
128035,4.875,1,0.6070731348270311,0.9127932744972356,2.0115227795372674,0.5609019735545153,4.74346520489101,0.4804971689142082,55.0
123057,4.875,3,0.465283410619329,0.837576846632413,2.035067660120261,0.496117802111635,11.5807238375028,0.4431138439004544,29.0
189006,4.875,-3,0.6305788436791142,0.8871064677223458,1.676188357519229,0.6039406123590757,8.953992261184027,0.6409555437018825,38.0
108069,4.875,0,0.2048927999507596,0.600589325124844,2.76120902659666,0.479152351933465,23.01468740283305,0.2389297408920621,53.0
107072,4.875,1,0.5421796326196098,0.7708565627254794,2.1825759283717625,0.5320477970167312,7.637028428391046,0.4748632021792182,23.0
187099,5.0,0,0.4445440946281286,0.8450764671783751,2.1251009353981223,0.5595379595180598,8.865544464505533,0.5138648396624566,20.0
147077,5.125,1,0.4729046451956923,0.8813744905978453,2.368120964410445,0.4980540132282771,9.4116639605671,0.4791711355403645,40.0
94095,5.125,4,0.404646466965589,0.7898523946276355,2.6675556877605766,0.4679607853902735,10.588161759428532,0.3702383569768638,50.0
306051,5.125,2,0.5856327763031681,0.8389476237541706,1.811274085643048,0.5566100713113924,8.309364993660218,0.505225901184894,20.0
71076,5.125,3,0.5790471934327263,0.8354277003897362,2.2536331629675925,0.4966050209866315,6.252159757237138,0.5034062938178996,65.0
102062,5.125,2,0.3500647081602982,0.6933155198329041,2.248785650826442,0.4515358119289162,18.80296688759996,0.3508545368323078,21.0
101084,5.125,0,0.7290291588203343,0.8910631256678059,1.536972672627763,0.6573678417806313,5.051105519752412,0.7291438907948877,54.0
104055,5.125,1,0.5024813767901387,0.9000151719253701,1.2653016616166235,0.7179131745928221,8.751449186315481,0.7653266708008499,26.0
14092,5.125,1,0.3595403635481478,0.6422789331228995,1.99996761301538,0.5761682733916109,11.008943974731068,0.3326922328839832,35.0
296058,5.125,3,0.4526148631105456,0.8798846589425496,2.220067542780415,0.5029844759371294,9.81183829458528,0.5188080790154705,14.0
388006,5.25,0,0.5900629141632204,0.908609343066149,0.9694956334042182,0.7852958823324229,7.537305770654657,0.7419151339607181,19.0
5096,5.25,3,0.5569323118960752,0.934106647524666,1.5864687650869391,0.6698310150342615,7.313165969499157,0.700365992005094,27.0
65084,5.25,3,0.6068987597429039,0.8997271960036233,1.931568245419249,0.5603283033240665,7.641996471338283,0.5356809436506442,32.0
41006,5.25,1,0.524198001291185,0.8143509478531996,1.927929937728452,0.5722121077957247,10.654031516063275,0.5449002301648743,43.0
61034,5.25,2,0.4862422733654996,0.8103246442972848,2.1280737445922946,0.5319217532932116,8.743073236294048,0.4432490495764378,18.0
306052,5.25,2,0.4029299145114562,0.7984377893871866,1.110764046296837,0.7025534329679705,16.469076156746883,0.599656761471289,39.0
29030,5.25,3,0.5939944050207261,0.7475614889482256,2.0906913983603226,0.4969249455719813,6.272408877855125,0.4456664990809101,41.0
250087,5.25,2,0.6165545444308222,0.8661299011862423,1.6766526565295734,0.6144728934008434,9.671225250919356,0.5960135301564028,34.0
106005,5.25,3,0.5019334030852036,0.8038842807133688,1.5565512225577465,0.6536423348076242,10.365421970820066,0.5677612225694124,42.0
103006,5.25,2,0.3982158080789175,0.7253181591316307,2.43872637672141,0.4774317951545096,15.11640624904528,0.3266647860080703,26.0
217013,5.375,4,0.6355020415112255,0.6834513056048938,1.9494941445724936,0.5591616019364973,9.851824325514803,0.4222893180128608,108.0
206097,5.375,2,0.4837766090580593,0.8403191503766537,1.8826088347271743,0.5762360036625647,10.677519433208127,0.6085720081820742,61.0
51084,5.5,5,0.7579071804405004,0.8980807559737878,1.727519460419241,0.5983324079267525,3.689695490654363,0.5813799190482765,33.0
267036,5.5,5,0.4518138810325869,0.89392854272233,1.818769232847812,0.5741177649931339,11.560575108650577,0.6126996064535948,28.0
134067,5.5,2,0.6173586254551519,0.8910534741988426,1.8111303576956512,0.6336000228453775,7.058773699609258,0.5820433258281573,19.0
100099,5.5,2,0.5824950847628441,0.9002525939202854,1.1882822620525892,0.7399867267784696,11.561770559519152,0.7286838104213077,24.0
302022,5.625,4,0.411904249092286,0.7974855659308229,2.0615440535336456,0.5349270781812767,24.108865777914065,0.4029884353814359,22.0
163096,5.625,3,0.4806726910796041,0.8102965746651283,2.173867200522541,0.5468231657446567,16.775210269222537,0.4726549527397579,35.0
103029,5.75,4,0.5767343776784233,0.7477207844049039,1.869803883676525,0.5922931614156052,9.779278577251024,0.480321888095367,100.0
97010,5.75,4,0.5847420734003606,0.9377880750960262,1.0966215718642969,0.7833902047618976,5.797492000437631,0.8232952907946036,26.0
100039,5.875,5,0.4495397863120732,0.8976196987972205,1.2210670266743164,0.7428416496297953,17.651533048098,0.7147338139762556,18.0
130014,5.875,5,0.5533953327764539,0.7746658405256778,1.5425484361906945,0.6486635334632734,6.918197772037084,0.530545811976746,16.0
279005,5.875,5,0.6524092933035927,0.914961800027269,1.2231509546330124,0.7030634403176428,6.898023456655061,0.707121469017505,38.0
28083,5.875,5,0.5638551960151275,0.8987013505890316,1.3746523807525044,0.6782007541031773,8.067612275245649,0.7410399462824223,37.0
238025,5.875,5,0.6187776290065241,0.8582872270250606,1.594689575449726,0.7367863473079287,5.994910476690116,0.6660128812812046,98.0
228076,6.0,6,0.6073750387905653,0.906873409099306,1.1251658662682709,0.7281231937905364,8.194088671137507,0.7826008206337688,31.0
176051,6.0,6,0.578588137247367,0.8145171233018068,1.638275284880787,0.6348667963606974,7.642077446343262,0.5422700557379149,37.0
160067,6.0,6,0.4988391535885828,0.9142193275212016,1.1742209348213666,0.7610860504149892,9.561317950470524,0.8155926797269093,14.0
246009,6.0,6,0.6101521720120275,0.8707594471247564,1.34051192358298,0.7234198699816453,9.985302858856231,0.5794510848703599,17.0
196062,6.0,6,0.5877076584754966,0.7460099966969125,1.881657014388707,0.5743314986192527,5.878392697080989,0.4331882409289199,26.0
346016,6.0,6,0.4538105537689471,0.8502333202055491,1.7783966461619456,0.6403572678549365,9.09449864859006,0.6598432462532632,46.0
