BF,PRI,VOI,COV,BDE,ARI,image,lam,runtime,nreg
0.24220591037475722,0.284632331520981,4.4676502832211655,0.22463553501715147,34.11956591090696,0.04439766690800202,80099.jpg,0.2,10.59342336654663,374
0.5261860969087706,0.5771447769422686,3.290710047774337,0.36507119489619533,9.405783078535205,0.22591968310450689,207056.jpg,0.2,12.919611692428589,337
0.46974885566943153,0.8124666676935333,1.7456629255624663,0.6184465967452523,9.618383316064165,0.5906822012224534,178054.jpg,0.2,9.1143798828125,58
0.2885139258635226,0.7992439869832249,3.267363302561209,0.40775684929038886,15.083400696800044,0.3015075895871164,173036.jpg,0.2,10.97275710105896,119
0.38715183591099167,0.6116170271656205,2.7377737719201587,0.38668693582826613,20.914161266032234,0.25205977188776574,60079.jpg,0.2,5.07471776008606,292
0.3023850210377318,0.6461512872258841,3.818293090555739,0.2831509993529775,18.977459038662982,0.14596500247414176,187083.jpg,0.2,10.357965469360352,142
0.34717947457532294,0.7425761552928276,2.947219800527796,0.47159201737732576,22.525877406790944,0.3556497308595776,216066.jpg,0.2,11.395612001419067,139
0.4667166881060235,0.8037442102931426,2.5055566256088633,0.5567818153327637,7.534281166302523,0.442101871305326,112082.jpg,0.2,8.484183073043823,63
0.5195444733339827,0.8622817117169692,1.999612419435082,0.6057195525069078,8.067837661176862,0.5601235072311512,55067.jpg,0.2,6.403192043304443,135
0.3875486740208642,0.7862437594953695,2.7546600572936297,0.4447204509425469,13.698198118533838,0.42129916653237104,187039.jpg,0.2,15.478063344955444,191
0.565257584855072,0.9406675403421808,2.061982216758941,0.6631118763911508,5.599763004795372,0.7861391413631236,90076.jpg,0.2,9.091221332550049,382
0.5653845859365294,0.8034070688621073,2.1886012757493156,0.5053798225414698,8.465561035708049,0.42415743552259483,249061.jpg,0.2,6.932093143463135,89
0.4832581593355904,0.8188367462887584,2.541767007608395,0.508462489087081,9.433638384896767,0.458504255240312,189011.jpg,0.2,8.138548612594604,123
0.4385930582110323,0.8346392296340844,2.575763432206204,0.49277496910546237,11.40643490196463,0.424789151587851,100075.jpg,0.2,9.74277639389038,108
0.4387652675362473,0.6763208300321514,4.0040328811329475,0.21952984162167125,8.84483343205337,0.09691071686519001,23084.jpg,0.2,10.691490888595581,154
0.3977985421000419,0.9127584384576782,2.4018927823224967,0.4912981680221813,8.409280521891286,0.49565814287560506,169012.jpg,0.2,15.855711221694946,89
0.4791510453747736,0.8146831499218793,2.523995447390755,0.518930602945891,7.908999858150196,0.5536369904844262,97017.jpg,0.2,10.232394218444824,243
0.45965222601788847,0.8451491087083551,3.4538761248410266,0.3594871566477881,8.16574484111204,0.28139600713605745,239096.jpg,0.2,10.402214050292969,162
0.54035662374962,0.9121185412065271,2.177731335202876,0.6055756447708294,7.522391945115233,0.6246088299852147,385028.jpg,0.2,9.154783487319946,141
0.3958971904066768,0.632362314762586,4.090679188289772,0.41799983270842744,14.942858573911485,0.28673862371823966,43083.jpg,0.2,14.223895072937012,264
0.5461183450529885,0.6930490039176301,3.6668483349158523,0.270977693596567,8.493195572287059,0.15219675268542895,124084.jpg,0.2,9.717830657958984,167
0.4467648163228885,0.7071094056848742,3.3995360708034843,0.36316236051392103,13.09719681698883,0.23703511567406638,147062.jpg,0.2,12.825717687606812,133
0.46061798885814853,0.7948483203024751,3.0275545916014135,0.46143069702698997,10.342092007536818,0.3971971756278811,247085.jpg,0.2,8.920462846755981,95
0.5543261615854698,0.7761250210700601,2.8202051916873563,0.4213034197006088,7.384081189192469,0.3488444009758196,202012.jpg,0.2,15.112970113754272,110
0.6019413194956543,0.8838741439968256,2.141049401345948,0.6025263391495511,7.948274148090851,0.6710764323376128,113009.jpg,0.2,8.77891492843628,190
0.5314780466589106,0.8613035075244653,2.84415512703537,0.3985461867411145,7.990956437989451,0.32677677750473566,145014.jpg,0.2,11.220320463180542,109
0.6350459732817577,0.6135817435106815,2.638259499686414,0.4414059817130993,14.285269457623563,0.25435959999780267,253036.jpg,0.2,3.8210198879241943,411
0.530444672585095,0.9130756019090723,2.1820399516616082,0.5643623394836491,11.086749812117418,0.5703769952887724,25098.jpg,0.2,11.055453062057495,102
0.6667601680584428,0.8706980895718244,2.507646014091511,0.5795311468372805,4.8577059920239325,0.5613265322276672,245051.jpg,0.2,10.373469114303589,212
0.6239344010515306,0.9544053579212168,2.5251266915679373,0.49007528533347494,4.255047708309897,0.504472444064568,376001.jpg,0.2,11.541197538375854,129
0.2938686095422671,0.328561688655873,3.531649295595341,0.2903278307060355,28.760098492850073,0.05642232417720254,80099.jpg,0.35,8.652118682861328,237
0.5554006460858268,0.6551070804361687,2.5167443224903203,0.46350642693953337,8.291563082250907,0.3557846997462952,207056.jpg,0.35,13.008631944656372,183
0.5370101467136884,0.8973795190224176,0.9932944780344515,0.7595154885956752,8.593866583663166,0.7914157143558086,178054.jpg,0.35,6.5411999225616455,18
0.36117048563828724,0.8365155002150548,2.2064747069428714,0.5771041299231922,13.577395420801315,0.48379236987156926,173036.jpg,0.35,6.257562160491943,41
0.4189614469662649,0.6080378881878568,2.474610735771145,0.34772260772706,19.592291410143286,0.24590216283548774,60079.jpg,0.35,4.139988899230957,188
0.31285047980491626,0.6533908876096907,3.329160460669011,0.29534840110747856,19.854622756677987,0.16974366985775222,187083.jpg,0.35,7.364296913146973,62
0.3651694794656867,0.7393555652123518,2.261560137104138,0.45798764696215055,31.945836182759404,0.40006981702064326,216066.jpg,0.35,4.845188617706299,53
0.48858213127668393,0.8136073087965249,1.9950733954725952,0.5770865718828246,7.853278221135136,0.4889624972034425,112082.jpg,0.35,3.7952218055725098,20
0.5594378944571211,0.8733243819205758,1.4686589437010344,0.6499864814002305,8.070481578190103,0.6495743970099898,55067.jpg,0.35,4.750505208969116,41
0.4681485229447048,0.9229520681176291,1.386452400971897,0.7569900866884549,6.247536317135155,0.8283216442532494,187039.jpg,0.35,5.999973297119141,75
0.5918305837826706,0.937553088212233,1.7476734856341125,0.6849428870550425,5.08098078343804,0.7840797003228991,90076.jpg,0.35,6.318236827850342,209
0.6478559543469299,0.8599593686690195,1.3407306355899102,0.6507297721146619,7.589315342692902,0.6188259477897889,249061.jpg,0.35,4.9456353187561035,37
0.49324580510566596,0.820876704887915,2.0953845656937333,0.5333449547668344,10.216086538013258,0.4980589046756744,189011.jpg,0.35,6.107218027114868,48
0.4551718525265498,0.8244311137059066,2.3310265492365985,0.5071695360725613,11.209872711316416,0.4169546209608723,100075.jpg,0.35,6.848913669586182,43
0.518993017547748,0.7094913614994967,2.9892014789422556,0.32028390635412285,8.27474996476685,0.21540844607192663,23084.jpg,0.35,7.512458324432373,72
0.4057077703354816,0.8964274615146244,2.0008669455671626,0.5055904282071149,8.561762125814022,0.5041429112652767,169012.jpg,0.35,8.451364040374756,28
0.5329880113022859,0.9366509993452999,1.786399450885,0.6851486599572713,5.904240174838292,0.8598927170119333,97017.jpg,0.35,6.187320947647095,147
0.46725236213281773,0.8495751430071076,2.9158411970671834,0.42108852559774446,8.425553677532646,0.34679212049457936,239096.jpg,0.35,7.098630428314209,74
0.5515214224810407,0.9132873398125929,1.8672712970753782,0.6320307071388213,7.705913457346402,0.6373275722397203,385028.jpg,0.35,5.309566497802734,63
0.3924908194655151,0.6384605162091725,3.1276697637868933,0.4643118909626375,14.592351721043329,0.2962658761523969,43083.jpg,0.35,9.417540073394775,97
0.5574546701593505,0.6964487152976572,2.948827101190556,0.38757255345556024,8.52070916897983,0.22698747695666288,124084.jpg,0.35,8.276190519332886,74
0.4706561130996332,0.7742951778917107,2.215328847718527,0.5688520825588989,10.835586574607358,0.4815055020551742,147062.jpg,0.35,7.730425596237183,34
0.4676557280694524,0.8307952322636236,2.095360175651462,0.6483730356684315,10.677548932756226,0.5316764721129082,247085.jpg,0.35,5.654999494552612,31
0.5573947417415386,0.8121993755376158,2.3128789074355,0.5445710942726446,7.537544561011717,0.5255067692656722,202012.jpg,0.35,8.005638360977173,37
0.583978602029987,0.9122257400847058,1.4965705814689465,0.7181976462596765,9.23564154511987,0.773413787636344,113009.jpg,0.35,6.158992290496826,91
0.554125283129993,0.8674049273419764,2.2531413391155497,0.43314189394058433,7.593069639438708,0.4252473634421812,145014.jpg,0.35,5.963058948516846,43
0.7010373663983512,0.730411905593737,1.6911781733248175,0.6697272308123178,6.015894479897487,0.4756541863011671,253036.jpg,0.35,4.013408422470093,327
0.5070254482556883,0.9144358929080009,1.9062465065808678,0.5934637444995902,11.34911653077283,0.5977974625234228,25098.jpg,0.35,7.673370122909546,38
0.6645021114872023,0.8869324971485156,1.9728610449830655,0.650328087658137,5.581308057695123,0.6354417334797431,245051.jpg,0.35,6.839081764221191,91
0.6282365908339784,0.9505933520189489,2.334950296079359,0.5010905244039252,3.9734153893461746,0.5284669615438846,376001.jpg,0.35,7.795947790145874,59
