split,image,method,runtime,n_stable,n_concept,BF,PRI,VOI,COV,BDE,ARI,IntraSSE,InterCon,GradSup,Compact,SizeEnt,NReg
val,130026,SLIC,0.384141206741333,,,0.1656293151531969,0.4590386580021949,6.152247711278882,0.046038034122492,24.61630801039349,0.0125912135722233,123.65783425097426,1.6226619394396151,0.1671176242621553,0.3181930598780497,6.957518865043413,131.0
val,130026,Felzenszwalb,0.4147255420684814,,,0.1694590828777216,0.4725306578895751,5.974839324793642,0.1528017611132706,22.62471163783291,0.0360302675209615,99.8324679621646,2.0505697114523325,0.1954685390978194,0.2366367738080103,6.709494607453116,353.0
val,130026,Quickshift,5.558243274688721,,,0.157474412007354,0.4588374985188457,6.471433201724295,0.0487377625297242,22.398449077611996,0.0124177020931364,81.09547422995392,2.663105346901917,0.2111989314525443,0.2723639436379512,7.346239610017235,299.0
val,130026,FS-COD,8.052510023117065,11.0,21.0,0.1795209024426171,0.5386978842320713,2.3600918897940195,0.4262889417867432,30.693239922575525,0.1056833485804478,254.37209789960207,1.6859583652250048,0.1909176551635944,0.5625844697358074,1.9706014866838677,26.0
val,130026,Watershed,0.1944892406463623,,,0.1816484555789219,0.5402520003343693,3.028876839968377,0.4381743626073803,22.72581293910448,0.1083634463380001,228.93633537157385,3.1470916178951973,0.3403862931798604,0.4758244277428714,2.9407409553251345,309.0
val,130026,MeanShift,4.001115322113037,,,0.1415121507636116,0.4744776686390894,6.140735572049724,0.2231716627458678,22.091790922048418,0.0327892175370111,56.73662640947064,2.1907203352662274,0.2008246875401519,0.4856869023987925,6.6301580926273935,4563.0
val,143090,SLIC,0.4107813835144043,,,0.3684929456070964,0.724279516515655,5.20093506597864,0.0711124957839056,16.100170801401806,0.0389549516939848,47.96705626171687,2.593973981320288,0.1123690479520246,0.4874105394823687,6.969655510215166,130.0
val,143090,Felzenszwalb,0.3514559268951416,,,0.4934746838192724,0.8105736657958099,2.987427768543096,0.5027841920999837,12.260096838326088,0.4338175130647237,58.28643863484477,3.720857663143816,0.1340430536552988,0.1744162980048039,4.9254689131188325,178.0
val,143090,FS-COD,7.3149333000183105,9.0,37.0,0.547475018920592,0.8468910612206095,1.6994150955005858,0.6397075984722194,12.773435801017005,0.5693728381275683,92.99150485041746,3.109859708979755,0.1276966409643976,0.4346274346675877,3.337726808312889,45.0
val,143090,Watershed,0.1189696788787841,,,0.5097182129112274,0.7632580935121732,1.4209609633862708,0.5722556021520793,19.682410145579304,0.525202064379925,355.30061894798115,8.894412940848389,0.3490713010675326,0.4552377918062626,1.2291619687676805,52.0
val,143090,MeanShift,1.1619911193847656,,,0.4073154083988047,0.7526349846287138,3.8006550060514823,0.2810024278529877,14.155550638048975,0.1862176322588506,33.01417469113486,3.6794248764664,0.1414189935953426,0.4829137442520411,5.533555755870098,637.0
val,143090,Quickshift,5.237342119216919,,,0.3504822194706943,0.7264610294746607,5.1931755147853895,0.1072089878295813,16.029278142508378,0.0497374937710936,29.453238366500777,3.7669648484710514,0.1225542582927099,0.2696335192762086,7.043194224590581,215.0
val,145086,SLIC,0.3351585865020752,,,0.4069291067811049,0.7950237574470057,4.462185606528552,0.1386924856933071,20.05306750810327,0.063790682732135,152.62497590601427,2.321571273832489,0.1704082176608924,0.3677765883837395,6.723868805213724,114.0
val,145086,Felzenszwalb,0.3186051845550537,,,0.4407760571785659,0.8069713353557235,4.111640533981713,0.2698309834148876,17.815637542000566,0.1429604477131894,109.0799702037354,2.3233203910575706,0.1614764253125641,0.2026802965404412,6.592622662252268,304.0
val,145086,FS-COD,8.380922555923462,0.0,23.0,0.6322404177577919,0.9553892578113924,1.0316530889248492,0.7942817628131614,9.82213774098233,0.8659989179205997,264.8105739926294,2.371825143504541,0.189626283861121,0.4100404062981497,2.835714921454312,27.0
val,145086,Watershed,0.1481842994689941,,,0.7117408363741686,0.9336841910504686,1.1425144540222154,0.7506174250587775,6.358931914559383,0.8098879118230855,451.5408604865999,6.591086397407957,0.4733262366292912,0.4993795699609956,2.689243491625194,145.0
val,145086,Quickshift,5.787352085113525,,,0.4433248052850516,0.7987015680487184,4.457564019218004,0.1790940963432536,17.27575299187127,0.0867129949879735,52.43850979782884,3.628938032479012,0.2020541476490309,0.3367459643102446,6.91131217877531,420.0
val,145086,MeanShift,2.10352635383606,,,0.5343090142848207,0.8271592417671059,3.2111005225266203,0.3831010310280405,13.893560173614697,0.2871308826856007,57.86515831058883,3.645441570922858,0.2330427414271299,0.5340666123790382,5.4643016952528,1465.0
val,175043,SLIC,0.4382588863372803,,,0.2182515704150174,0.2985871695440239,6.017177656931834,0.0643448510504281,28.153810426201908,0.0110383013808029,170.345509854828,1.5616430564304458,0.2096372021817828,0.2177779154911831,6.68117313082103,110.0
val,175043,Felzenszwalb,0.35174560546875,,,0.2253993262727971,0.2953838761078119,7.458913469252467,0.1026650617635492,28.416238125924195,0.0094900226266588,130.52176608127326,1.84017684724586,0.2292215233760807,0.2599620440781688,8.330188718867904,578.0
val,175043,FS-COD,8.717218160629272,1.0,6.0,0.5526115907135735,0.8268012806082996,1.0674886274672186,0.8101450559205542,10.435499982754136,0.6311777378410262,269.94931364613984,1.2569613236631656,0.1520665912638496,0.4532372201211083,0.517651401289689,6.0
val,175043,Watershed,0.1893410682678222,,,0.1984156783621453,0.2967723692811461,6.8906108910305335,0.1147022121364266,29.23045392000756,0.0093070394824591,142.00123029523965,2.050204330692924,0.2818899474325916,0.4713732112476579,7.566167278054912,769.0
val,175043,Quickshift,5.42086672782898,,,0.225403397213676,0.2940490518338746,7.344946361162432,0.0644989466950103,27.15834152454399,0.0064615535930231,95.37264497146684,2.1585502916742505,0.23874268679617,0.2326944478655717,8.255454006118367,462.0
val,175043,MeanShift,4.746435165405273,,,0.2010549768150154,0.3051417560543934,7.322347387176804,0.1434440459101703,28.42673359551601,0.0160331733224686,78.35316433114009,1.6333406987082204,0.2047663021029993,0.4702017610835579,8.076261896087296,4512.0
val,21077,SLIC,0.4108443260192871,,,0.3768175179389797,0.641348545136473,5.244270689672295,0.0996737289823835,13.97134453945058,0.0245508083390422,105.6142005443416,2.4023113516604,0.1746746783974759,0.4086694810889431,6.913328121155203,126.0
val,21077,Felzenszwalb,0.3477890491485595,,,0.4075929563177559,0.6705352085024014,4.582573390997364,0.2459625272916333,10.275417856227069,0.1247444545563401,66.53737744919721,2.794907513713611,0.1809327876022619,0.2229466938782327,6.563423843967158,376.0
val,21077,FS-COD,12.036686658859251,2.0,34.0,0.4882173771218775,0.7555283479935312,2.129008316284616,0.5011292503879506,8.593537564164558,0.4043748858677124,157.16454393402503,2.0474584013563746,0.1661893967227476,0.4953443595525486,3.443626223669263,39.0
val,21077,Watershed,0.1356871128082275,,,0.5015457382296653,0.7500478387261109,2.481321660206292,0.4874378716183047,7.684923168903275,0.3852967969954086,93.2951361963368,5.387955683459091,0.3645166728286225,0.4730047394487889,3.986774738845968,226.0
val,21077,Quickshift,5.842665195465088,,,0.3607150872770405,0.6416218091589986,5.48756097323997,0.100886329489367,13.342481798323396,0.0244191015587357,39.49607889583301,3.617760441431373,0.2057703207414203,0.2353452255704284,7.378641422749732,294.0
val,21077,MeanShift,2.3063135147094727,,,0.3924398311462592,0.6759812099192759,4.230769694927671,0.2946825028239225,11.067808541607032,0.146042595479452,37.05387252855297,3.509262410353919,0.2204898165341243,0.484452101580595,5.962142090798252,1719.0
val,216081,SLIC,0.4143402576446533,,,0.5482381927997512,0.8912879238681137,3.9838906830126346,0.1818506718006415,7.297664720827034,0.1201938693824397,197.7753952769008,1.9620115117835228,0.1532450851298691,0.3586684903809198,6.816789075250981,121.0
val,216081,Felzenszwalb,0.3404178619384765,,,0.6231633962965452,0.9074909234057218,3.4482647549676897,0.4271764582181808,4.9178540779902,0.341197295601394,131.10943011768,2.494670704925295,0.1754204815314395,0.2281656326522872,6.814270337958972,373.0
val,216081,Quickshift,5.538887977600098,,,0.5960987515570908,0.8940903930996178,3.999572276525429,0.2336085708466199,6.163807429362478,0.1440892718498133,74.72399722712787,3.2230577216496754,0.1927406100851103,0.2909232685503986,7.428736298846353,441.0
val,216081,Watershed,0.1451876163482666,,,0.6265102242728331,0.8300069448897835,2.4497835561436974,0.5016554722118106,5.272774310249888,0.4162004207973386,345.6208634209073,4.3279549278492455,0.3353470246267623,0.4540683278350758,3.207639414303204,163.0
val,216081,FS-COD,12.62700867652893,6.0,40.0,0.6084628163422999,0.8973617448180906,2.2555123877906773,0.5239464601088718,6.4616071216504265,0.4861234566176602,306.04334642369287,2.463642992748433,0.1991266944161886,0.5198292560858223,3.842794816950794,46.0
val,216081,MeanShift,3.16192889213562,,,0.6301098208122429,0.90455988474329,3.6067254042754393,0.3806532802791829,4.602913944887704,0.3157075028485629,74.05250548360856,2.7134753900351263,0.1896550130535914,0.4835971347664117,6.797091733711648,2589.0
val,219090,SLIC,0.4243571758270263,,,0.3454409575518663,0.7688338747034209,5.059655474097508,0.0730736070911994,11.266842645908868,0.0445922680228273,96.89291055950436,2.481058517504622,0.1547619534632306,0.5242901100165014,6.943456480697494,128.0
val,219090,Felzenszwalb,0.3809494972229004,,,0.3892281077016059,0.8152417150577531,3.721975209252945,0.364921891917666,7.988447920818371,0.3055302795745744,65.01621576372787,3.171917377600861,0.1787525003538222,0.2363312391614012,5.833320475696732,299.0
val,219090,Quickshift,5.352242469787598,,,0.3215438801037578,0.7715666588913406,5.083479914168953,0.1162964845966594,10.398968536101131,0.05999865975333,37.00503196912978,4.030658623646673,0.1871228537093074,0.2595179760851013,7.060441194087179,281.0
val,219090,Watershed,0.1607482433319091,,,0.4731678867817883,0.8094563919808703,1.825513218750843,0.570017889094089,6.11895124102444,0.5698817422285094,106.8788066113941,6.169984118066384,0.3829756364348423,0.4839522871540266,2.437799788439805,198.0
val,219090,FS-COD,11.335270643234251,17.0,45.0,0.5438409361799085,0.829170644801389,1.586529313549665,0.6124709357945906,5.451240733589136,0.5921877953070875,122.56035608321308,3.531759649492028,0.2465964277917928,0.4795574453313797,2.386943906252351,51.0
val,219090,MeanShift,2.243825674057007,,,0.3358749422681245,0.7912454883560884,3.958512972418041,0.2607911670836048,8.577574366255108,0.2274612970678749,35.79675959129604,3.9147288640485938,0.2105605909581535,0.4799214772278984,5.63064211855881,1902.0
val,241004,SLIC,0.4032106399536133,,,0.4185416449061158,0.8770957059427351,4.202408251363356,0.1109110443178772,11.439593210716383,0.0974153198773344,34.961698826819664,2.0438793193013605,0.0974285126629697,0.5383384054206443,6.995400073894565,132.0
val,241004,Felzenszwalb,0.3716857433319092,,,0.6210535854433324,0.929432964087557,2.0412926342219544,0.6238227007249033,6.752011784108971,0.624464969040555,25.693088897825508,2.6888304536694,0.1257990419418198,0.2066544721535528,4.919148234404226,165.0
val,241004,FS-COD,7.277948617935181,7.0,16.0,0.6024063863150085,0.9101103298479938,1.509405112269089,0.6319417812172814,6.504279716231847,0.6189552590757341,96.068357376134,1.538638542948853,0.0725375783202455,0.6299805187523867,3.0686282570076835,16.0
val,241004,Watershed,0.1216800212860107,,,0.5853051549024435,0.8776003747962248,1.7230313421184575,0.4792205278082103,10.62976095352606,0.5337984514155425,118.48259192671908,5.287045159939964,0.2598764783818545,0.5215725157667283,2.8205882561674884,71.0
val,241004,Quickshift,5.57975172996521,,,0.403261783811642,0.8815313742464486,3.872380091293636,0.1893090948596038,11.35749421960402,0.1504214300920151,21.55411376541404,3.1320687201244994,0.116449534105944,0.2701351761540579,6.842884421891988,179.0
val,241004,MeanShift,1.251943826675415,,,0.533297653330431,0.9266493607436904,2.0889469198670403,0.5555604293665599,7.872939784578381,0.605692251690189,21.694820989397407,3.786968494555623,0.1596239012776746,0.488149814951189,4.804213336332138,653.0
val,241048,SLIC,0.4032754898071289,,,0.4292638843765117,0.8491735362529029,4.438860420420407,0.1245154934108767,8.135388102994701,0.0904095237983339,120.80914508145624,1.7324077281365786,0.1873647964006074,0.3354924310275828,6.852721969238438,122.0
val,241048,Felzenszwalb,0.3318691253662109,,,0.4464694364964565,0.8588454225560904,4.554573815800738,0.2805486453995435,7.19546818384236,0.1934422890815893,89.74823881404198,2.122226318905046,0.2043810312299941,0.2193992914588839,7.2312521827138685,397.0
val,241048,FS-COD,6.920951128005981,4.0,13.0,0.5433492802890105,0.8611864135621822,1.884785437966648,0.5308748807277752,7.78201922642256,0.4990133733041678,266.4252255673657,2.0488707094153225,0.2316694048557206,0.5197594548195001,2.83135224233074,13.0
val,241048,Watershed,0.1405372619628906,,,0.4408010376905222,0.7493866960142442,3.097484923098858,0.3373083921684694,13.049903116511445,0.2630368608601682,490.8316181889352,3.0410748197175432,0.3341192433232149,0.4684387188611549,3.365405864552211,288.0
val,241048,Quickshift,5.474625110626221,,,0.422968926652421,0.8488979109574482,4.837521959478513,0.1508882414594721,8.155301231805685,0.0822010457176044,75.06868775427075,2.5583410691966075,0.216178513403209,0.1995865423670042,7.419488760284253,281.0
val,241048,MeanShift,3.898583650588989,,,0.4299982741975512,0.8591418317816071,4.873642880479261,0.2996931391480507,7.343411188164853,0.2113860600724241,50.60622711872004,2.0978582629060805,0.2041222517267997,0.5003749972391479,7.484787670996509,4677.0
val,285079,SLIC,0.3623416423797607,,,0.3606374995083822,0.744719439167771,4.643949487440845,0.1453091658768517,15.189790556781938,0.0545125187007874,242.53671714558928,1.7936840136578704,0.1835884296573171,0.2783676845799703,6.776953493060443,118.0
val,285079,Felzenszwalb,0.3273460865020752,,,0.3838809405884368,0.7464758567677312,5.267127141164758,0.1991500156453779,13.682767117395484,0.0611143883826782,120.17224794635924,2.1228405843509663,0.1996516607151093,0.2254900906169669,7.762133515874556,451.0
val,285079,Quickshift,5.298316955566406,,,0.3860251615482444,0.7448952012769744,5.045816322854831,0.1582780748157696,13.721139096594843,0.0484378461609834,87.3233549727165,2.9627208545608417,0.2371942926007006,0.3394476524270593,7.541961882778553,531.0
val,285079,Watershed,0.1632294654846191,,,0.4469541049976929,0.6270103547075607,3.158104965878949,0.3783351458892823,12.012805795328546,0.2104988206247048,229.3989024526771,3.803061574647131,0.3836908770063963,0.496544925737496,2.789967667787294,345.0
val,285079,FS-COD,17.34646201133728,36.0,52.0,0.4767404695867053,0.6949491073805878,2.6402353892461896,0.4473518965857709,12.224766118026055,0.3445538491372608,217.65370595226815,2.5254221975076656,0.2576518622396749,0.5977630345261006,2.299738210273722,124.0
val,285079,MeanShift,3.9800283908844,,,0.3803023093623678,0.77545797389788,4.660485551919776,0.3188822034145049,12.42465646678781,0.2636147766289046,67.86609498291786,2.3351233592075045,0.2121741452618734,0.4742781232356942,6.839797480295961,3732.0
val,295087,SLIC,0.3981020450592041,,,0.3850014815693087,0.7501135531159502,5.077454633593068,0.0806636993914432,10.521555500747922,0.0453362713200312,122.69892652589785,1.8315257424714524,0.1145704528659748,0.4274772078558402,6.828520268871329,119.0
val,295087,Felzenszwalb,0.3506217002868652,,,0.4672252335327041,0.8308985335588164,3.734738051421471,0.3816388858066401,6.913481636592993,0.4421201305810691,151.18388642891313,2.4420230483498298,0.1463588184084522,0.1986961846033852,5.600677244766162,242.0
val,295087,FS-COD,5.1645872592926025,3.0,11.0,0.588674575032846,0.7799782893827977,2.001048150994845,0.4627380624137323,8.791257467405288,0.3961380538902113,242.9692853992059,2.1763072994749626,0.1185091615643112,0.4514040178184076,2.459289380571048,11.0
val,295087,Watershed,0.152355670928955,,,0.3297129942157471,0.5125519423451727,2.885866836310107,0.3120527427049224,11.313751702168986,0.1388258636192739,851.5270668601927,3.3775766183945524,0.2482786249299722,0.4686088202700157,1.8209102990342323,222.0
val,295087,Quickshift,5.422316551208496,,,0.3536524253183257,0.7497689765262764,5.463515486721941,0.0816070593114507,10.402399229200716,0.0419939626804767,66.30252075405294,2.799409780913629,0.1440412378836492,0.315358328348073,7.368170334694223,408.0
val,295087,MeanShift,2.0899338722229004,,,0.3956985961194149,0.7641533548183348,4.47026336659023,0.2201056781894781,8.515989608370495,0.1243154965026451,70.03867207113964,2.540976106007901,0.1450068627111365,0.5002517633744293,6.304184079723749,1517.0
val,33039,SLIC,0.4012577533721924,,,0.3091643382589826,0.7631422446615416,4.388772575145037,0.1574322803152292,22.546720257245653,0.0648711495997255,322.1503128412956,1.6039432853874256,0.2545224851039268,0.2220225206497612,6.490433747582102,100.0
val,33039,Felzenszwalb,0.3051965236663818,,,0.2608250934762224,0.7562656486948288,6.494902790365376,0.0864519104738567,25.661876712149272,0.0165970003429835,185.22726446273617,1.9100124552435696,0.2682593926460158,0.2574819502989233,8.979443130299341,717.0
val,33039,Quickshift,5.969155311584473,,,0.2407330973896778,0.7574240043245176,5.885886225508911,0.0888766756780757,26.97963219537072,0.0246494189478507,122.82769133250784,2.174887725088346,0.2722169536834385,0.1648006885697987,8.234244546104474,480.0
val,33039,Watershed,0.1945657730102539,,,0.2259658752733795,0.7549679583598037,6.0832919764882165,0.1568392393356459,30.162376552066352,0.0426089329863643,178.87835489422395,2.0948293045533317,0.3264338395750287,0.4752101388263378,8.187783465140939,1106.0
val,33039,MeanShift,8.999683618545532,,,0.2171077366064857,0.7568399102242499,8.034396832926143,0.1336932590669467,28.250863266954727,0.0233140049386982,64.04182531061431,1.599881320817128,0.2266397261918427,0.4753254270864046,10.475195316756809,11762.0
val,33039,FS-COD,22.409717798233032,7.0,30.0,0.3870435861871333,0.7923829698597264,2.029546349328633,0.5288872564001029,14.051033248568462,0.5346726651648899,429.8958659591122,1.4122377745019077,0.2420825656417911,0.6292484486362712,2.353799673924125,30.0
val,376043,SLIC,0.3894972801208496,,,0.3005395802159376,0.7327146786177826,5.110556169632204,0.0966793846947618,15.553508876751645,0.0379306810172374,111.00015545653444,1.6247330530856603,0.1687875884875798,0.2706917162362672,7.030743483511539,137.0
val,376043,Felzenszwalb,0.3587892055511474,,,0.2918239648086291,0.7384070079883842,5.357611517812598,0.158822150969957,15.248431483616434,0.0676066086524087,116.20825696336928,1.8868960642942445,0.1831562466095834,0.2407882772782842,7.338221880408675,400.0
val,376043,Quickshift,5.45196533203125,,,0.2733786699910888,0.731632281721309,5.569928230343882,0.1002618516503442,15.29777499466462,0.0314046176661958,83.96008103148128,2.226242825026112,0.1872406983333933,0.2405573716575529,7.588690262822434,316.0
val,376043,Watershed,0.1839673519134521,,,0.3105429449265536,0.6653374759177141,3.317407849020888,0.3110952416102062,16.85461251631535,0.179174106236402,301.09579256840897,2.7333659391777907,0.2964537061370128,0.4612298776639223,3.1854230442124467,212.0
val,376043,FS-COD,11.09213900566101,7.0,28.0,0.4949483027983799,0.8707957341782097,1.7111522465991122,0.6431185783097302,9.569195113471151,0.6782826616583775,192.4224394595492,1.630090103855259,0.188433126683128,0.468999377265096,2.56452324535805,33.0
val,376043,MeanShift,3.651660680770874,,,0.2934561807973496,0.7718777025760223,5.153281055226468,0.2892681432212375,12.128165361925374,0.2313302167851189,67.42676802392378,1.7683372599409173,0.170858033992247,0.4725432660635363,7.158804832871558,3631.0
val,38082,SLIC,0.4210157394409179,,,0.3487369851895763,0.6887030040762911,5.260511686532162,0.090438500970292,14.557540574574304,0.0463261987079115,88.81076904907115,1.4056076352990663,0.1858622547086101,0.1928633154478167,6.956635343863422,132.0
val,38082,Felzenszwalb,0.3912758827209472,,,0.3327751173200476,0.6926043510768828,5.3804851148330215,0.1655750715802063,13.912198834877444,0.0791432468789678,136.1063909915833,1.748848661544165,0.211115558523291,0.2324705177729766,6.8100428024542685,317.0
val,38082,Quickshift,5.731112241744995,,,0.3499756763076334,0.6869899045287041,5.941058174361475,0.0834001789369096,13.80166162742345,0.0334454668934409,75.65958125036076,1.9689708353722413,0.2054121790103613,0.1597283104030943,7.7483052626071105,286.0
val,38082,Watershed,0.1637244224548339,,,0.3672441572508527,0.688499084150808,3.864317971533555,0.295921618342429,12.86246965731442,0.2033976526145833,221.91671308031331,1.9499144362048488,0.273126116859185,0.4633262761000571,4.266709759135056,343.0
val,38082,FS-COD,13.240671873092651,1.0,25.0,0.4496175813159768,0.74509693823014,2.357389869810962,0.483556256592933,13.834898014770262,0.3966910107792583,172.100843416652,1.2957043174074112,0.180127586057046,0.4673849059158148,3.1507138168328828,26.0
val,38082,MeanShift,2.4343247413635254,,,0.3266857743418515,0.6901864065234483,5.679631565238214,0.1308211082802507,13.332948257580734,0.0581112404149379,74.20695266690859,1.5064375124633036,0.1861229301870507,0.4772142181920141,7.315329905711089,2040.0
val,43074,SLIC,0.4046139717102051,,,0.2523377317514401,0.6023367271776308,5.918915510956873,0.0472895342727583,22.06703518107722,0.0196749881129048,43.00359939417952,1.7039247259404624,0.0878103836722597,0.3726170186245043,7.128209178875261,144.0
val,43074,Felzenszwalb,0.3518788814544678,,,0.3151240232686615,0.6943287668141428,3.634897618101317,0.3736567174617624,20.766442260601487,0.2850407160778473,74.15331281050781,2.473564451623385,0.1144989064504084,0.1934795183489722,4.775275950563353,164.0
val,43074,FS-COD,7.685486078262329,10.0,25.0,0.5123174045954062,0.7888990605278436,1.482109431012673,0.640807533563719,10.215767389049615,0.5360744822308554,82.33085186600775,1.990501333287694,0.105820358955436,0.57061623223457,2.167926518657921,31.0
val,43074,Watershed,0.1592416763305664,,,0.3252344376111336,0.4503710695550073,1.551183179048646,0.421235992566751,22.9932094926992,0.0627585695051817,227.91495084350672,6.484951632324486,0.3255958142232601,0.4995417035636396,0.2781636154122848,46.0
val,43074,Quickshift,5.4149439334869385,,,0.2254452637067851,0.6022842213262531,6.128240096167994,0.0647896852190369,22.504045718304877,0.0195559634914613,38.72743350504067,2.8827967864470336,0.1055962512919947,0.2663969891176322,7.326385769079124,212.0
val,43074,MeanShift,0.8009915351867676,,,0.3947223235389617,0.7379934281715067,2.872808762520182,0.4783607455241149,12.669303223294763,0.3996382431306411,49.85095101424105,2.602528041929803,0.1161836292165792,0.4607568912514093,3.9438587101705274,379.0
val,45096,SLIC,0.4053454399108886,,,0.328530712614941,0.4589076566425363,5.952604887241451,0.0750480903369856,20.031712220721825,0.0110396640646713,55.0054209556962,2.3314794936419254,0.0602614842089096,0.6224738992427534,7.051738379192791,137.0
val,45096,Felzenszwalb,0.3766202926635742,,,0.5170463346578658,0.6989553840912129,2.308572034318072,0.5695810275186276,8.857497370352561,0.4367781767492741,85.11060077922116,3.93777578117744,0.1029619763841117,0.2036542669628881,3.36690048303309,114.0
val,45096,Quickshift,5.903531789779663,,,0.2825016311906905,0.4602691981678956,5.917130910228915,0.0928796716566853,21.6741962532235,0.0134511165891268,30.672337200399976,3.776557670709606,0.0753267377507956,0.3235163119714805,7.072012444260851,237.0
val,45096,Watershed,0.1378531455993652,,,0.4235321552888381,0.5844077345635865,2.2293070354055704,0.4802550196526179,17.09028250915184,0.1778397097551317,344.24859747271694,7.186009890962988,0.215502213138567,0.4667706073184894,1.8001429471618875,39.0
val,45096,FS-COD,11.48559021949768,36.0,79.0,0.5396085120574646,0.5986286917488555,2.576695185012354,0.4314692069956631,8.007107097002233,0.2476438400361008,52.88730057806736,3.7944219778558272,0.1095590339070365,0.5018001406072892,3.349436854759701,119.0
val,45096,MeanShift,1.245671033859253,,,0.4473504065204032,0.5877796900762375,2.792023836115521,0.4241736685658277,8.170916160511046,0.2175746261314755,46.29934450437947,5.458370265993941,0.1460165695421424,0.4670353792403472,3.311863319563964,693.0
val,66053,SLIC,0.3425450325012207,,,0.3446906100041709,0.7731385200027396,4.994784881523284,0.0953662336923266,12.920693603716291,0.0481781736308833,99.99549170389894,1.7581833405674032,0.1541860371909764,0.2337334134561849,6.9152644421299865,129.0
val,66053,Felzenszwalb,0.3185899257659912,,,0.3844115377321074,0.7770604017001286,4.897888430746858,0.1868840606502413,12.840249819914389,0.0836687492168453,91.61705892315972,1.9752381421440937,0.1541487663402154,0.1826369011922985,6.870216528902488,312.0
val,66053,Quickshift,5.380616188049316,,,0.3318280860015086,0.772983872943318,5.390685795850072,0.1125631288823333,13.43044017624798,0.0443560085393228,73.48552609644844,2.4473588255295065,0.1695230151452498,0.2792733529838835,7.51978091166303,316.0
val,66053,Watershed,0.1541597843170166,,,0.2778707992225414,0.4691614843463422,2.95515853191836,0.2367806544760891,17.231648002413174,0.0079974947216988,440.479573371457,2.8635936979594687,0.2547523554257341,0.4822585655992211,1.5706624527440378,87.0
val,66053,MeanShift,2.27243709564209,,,0.3571047164051105,0.8196928470489315,4.033099968729422,0.3423281551871521,10.381544523637768,0.3302318360683735,72.4487829590994,1.8296464989773469,0.1551817293651458,0.474879276904243,5.87986454151029,1549.0
val,66053,FS-COD,11.40732455253601,8.0,28.0,0.4070931217491287,0.850220847334038,2.102782437131994,0.5271068539363502,11.100426196712675,0.545734162349406,152.45799555665505,1.4702731066109611,0.1399975354954382,0.3684610976549188,3.113947451341664,37.0
val,69015,SLIC,0.3366825580596924,,,0.4135247361085305,0.8138233537412755,4.774400571312074,0.1067293122148532,9.337299188232274,0.0589819516387013,102.23628593441616,1.868301077580666,0.12962194982267,0.2875165278312673,6.965575934238107,132.0
val,69015,Felzenszwalb,0.3741049766540527,,,0.4893738121780888,0.8227669156717387,4.46871560931397,0.2527930293262234,7.833955839213063,0.1419863092885577,106.46016818401772,2.1389621490805397,0.1431980848940993,0.2104285327717953,6.732828821322186,301.0
val,69015,Quickshift,5.333436489105225,,,0.4654362419707035,0.8156890308494348,4.941239197188268,0.1648785515918675,8.61071041356027,0.0721124938752285,54.8549108876791,2.766814949606405,0.1581711403331778,0.2387118079470876,7.334803831111354,258.0
val,69015,Watershed,0.1798028945922851,,,0.5141843814579967,0.6194759133780245,2.846479250862195,0.3490761549275202,11.396191237084114,0.2078762963913887,289.7658154595252,3.798798542051788,0.2636373242089306,0.4615599591379863,2.329627926469417,104.0
val,69015,MeanShift,2.6492021083831787,,,0.4539802511451463,0.8231617898583179,4.658901416771966,0.2632204244909611,7.919477873869686,0.1471024215276899,55.35801348316832,2.177434930742251,0.1441365954513462,0.4742978733027158,6.90649041560643,1725.0
val,69015,FS-COD,13.487125873565674,9.0,32.0,0.5099846410842772,0.8792083911023673,2.0833876729181404,0.5834411614035345,7.865979246903636,0.558776385346488,178.5923611182598,1.90620747743542,0.1401485245004388,0.580672466434852,3.4270913577378623,35.0
val,8023,SLIC,0.4100260734558105,,,0.1431308862958514,0.4634275414435455,6.121807488488232,0.0395040991668045,31.35150413990432,0.0134476612991763,77.5872913269793,1.4852641547783485,0.0858351633121614,0.388273972239213,6.962476750339015,131.0
val,8023,Felzenszwalb,0.380948543548584,,,0.1753712634911834,0.5220596563661549,4.57039629949825,0.3079415809741123,26.845199977327447,0.1257220345658309,81.85764613437958,2.2673862588212352,0.1231019874943767,0.2559166247129599,5.525158117951633,239.0
val,8023,Quickshift,5.456583261489868,,,0.1488164706498956,0.4616296102742764,6.7821392806247545,0.0380376387714396,29.246443218802234,0.0100121428911201,52.13772144289084,2.528763073091965,0.1168304195987418,0.2855692420819922,7.702667395301972,289.0
val,8023,Watershed,0.1369695663452148,,,0.1344672937412062,0.5629585374440345,1.394520326434082,0.5431586205286694,19.91019125626068,0.087152581477888,179.72208759229505,5.648778200627441,0.3468256156955649,0.4880778431518827,0.4604028133227563,150.0
val,8023,MeanShift,1.9618282318115237,,,0.146337561903494,0.4879218115785109,5.36068911322256,0.195152486625964,27.714597656038197,0.0595597699831448,46.22496078032267,2.4218970868153016,0.1234070228522453,0.448387190186926,6.186262952869466,1382.0
val,8023,FS-COD,15.928790092468262,5.0,24.0,0.2833783056393845,0.7831233708854406,1.253569965145538,0.7424569929339075,16.206605534977818,0.5854199592194308,113.8434340306126,3.0374578302527997,0.1880133374720399,0.4756944830020923,1.6657125897931944,37.0
val,86016,SLIC,0.433110237121582,,,0.3030088143129157,0.7803202738223561,5.051736306452218,0.0942983208443126,14.585229983408505,0.0567828167920955,109.90307297562204,1.2626548325237985,0.1994673863161662,0.2666876076225763,6.920909333287107,126.0
val,86016,Felzenszwalb,0.3116648197174072,,,0.3342166597259953,0.7831402827903239,4.9475741611995145,0.1859109540535423,13.410413054528942,0.1030021185974343,112.1740123172641,1.5200364144229022,0.2216995975319415,0.2193583032153074,6.67198955768111,278.0
val,86016,Quickshift,5.692124605178833,,,0.2786342453146596,0.7787250547519543,5.545104264682658,0.0964466360725056,14.317620267584426,0.0442408817385616,95.85960952953197,1.6601465585222908,0.2032529416373717,0.2634954311023505,7.420888557153997,307.0
val,86016,Watershed,0.1917550563812255,,,0.26775880515261,0.7468574913421894,5.120583015138301,0.195469036200966,19.33900217559394,0.1113016099758064,108.49560514021674,1.4823592931112552,0.2603352682322357,0.4555834055107594,6.138371159893094,821.0
val,86016,MeanShift,1.126960515975952,,,0.2852187228844973,0.727385283032443,3.521513748779563,0.3117028526844027,20.710202393636184,0.1831707203950107,105.77549167174142,1.3738516521887754,0.2159398423828543,0.4966071173304531,3.5977081785218803,809.0
val,86016,FS-COD,14.930793762207031,9.0,37.0,0.2519673349602624,0.6235338705892433,3.290201122239234,0.2376205162093674,25.31026161726061,0.1275081566717813,152.1877145386821,0.9750825492480774,0.1589882911952218,0.45836330962235,2.130255991569423,62.0
