split,method,BF_mean,BF_std,PRI_mean,PRI_std,COV_mean,COV_std,ARI_mean,ARI_std,VOI_mean,VOI_std,BDE_mean,BDE_std,InterCon_mean,InterCon_std,GradSup_mean,GradSup_std,Compact_mean,Compact_std,IntraSSE_mean,IntraSSE_std,SizeEnt_mean,SizeEnt_std,NReg_mean,NReg_std,runtime_mean,runtime_std
test,FS-COD,0.4853,0.1139,0.7946,0.1098,0.5442,0.1138,0.4777,0.1836,2.0303,0.4677,11.9407,5.9784,2.2926,0.6802,0.1789,0.0513,0.4899,0.0789,205.2499,98.5716,2.9051,0.6561,38.47,24.8052,4.9603,1.9249
test,FS-COD-NoComp,0.4009,0.1106,0.7759,0.1165,0.4347,0.1229,0.3602,0.1808,3.4299,0.8268,12.0425,5.2549,1.9167,0.5034,0.1517,0.0437,0.6448,0.025,121.936,59.6459,4.9107,0.9357,637.59,223.2829,1.2996,0.3938
test,FS-COD-NoSel,0.4565,0.1164,0.7683,0.1167,0.5137,0.1154,0.4293,0.1884,2.1202,0.4791,13.5331,7.842,2.6129,0.7244,0.2084,0.0462,0.5154,0.0864,220.0644,112.888,2.6866,0.7279,38.61,23.6649,5.3528,3.319
test,FS-COD-NoTex,0.4798,0.1208,0.7883,0.1061,0.5352,0.1091,0.4615,0.1782,2.0098,0.4715,12.4867,5.95,2.6784,0.8922,0.2059,0.0509,0.4745,0.0929,202.4583,96.4254,2.7387,0.6577,26.98,22.6167,4.0794,2.2296
test,Felzenszwalb,0.3947,0.1047,0.7557,0.132,0.3027,0.1339,0.2354,0.1924,4.3753,1.0377,12.7886,5.3386,2.5394,0.5559,0.1731,0.0404,0.2212,0.0234,106.8665,39.0054,6.424,1.0414,329.55,100.417,0.3491,0.0261
test,MeanShift,0.3703,0.102,0.744,0.1273,0.2916,0.0996,0.2022,0.1343,4.4884,1.019,12.505,5.1883,2.8372,0.8871,0.1879,0.0454,0.482,0.018,57.4421,19.8445,6.3483,1.1774,2718.885,1862.1527,2.6634,1.2439
test,Quickshift,0.341,0.0974,0.7159,0.1336,0.1144,0.0456,0.0498,0.0322,5.3908,0.6975,14.4233,5.2243,3.1717,0.7466,0.1848,0.0477,0.2757,0.0522,61.2445,22.4842,7.4491,0.3188,365.865,165.624,5.2961,0.0934
test,SLIC,0.3499,0.089,0.716,0.1335,0.1051,0.0454,0.0542,0.0351,5.0004,0.629,14.6948,4.9854,1.9976,0.4099,0.1499,0.039,0.3643,0.1033,144.573,85.0634,6.8443,0.1767,123.155,11.2281,0.3728,0.0278
test,Watershed,0.3763,0.1402,0.6557,0.1662,0.4097,0.1393,0.2711,0.2044,2.7763,0.9288,16.3667,8.9438,4.8089,2.008,0.341,0.0514,0.4945,0.084,348.348,206.6203,2.6677,1.5527,273.69,241.0782,0.1405,0.017
train,FS-COD,0.4847,0.1278,0.7929,0.1215,0.5647,0.1285,0.4894,0.2003,1.8972,0.4993,12.6537,8.4588,2.3385,0.7315,0.1759,0.0537,0.5102,0.103,195.3347,117.4587,2.7051,0.751,43.65,51.2062,5.0241,2.4855
train,FS-COD-NoComp,0.3945,0.1237,0.7634,0.1298,0.4502,0.1293,0.3636,0.182,3.2086,0.808,12.9424,7.1858,1.9575,0.6049,0.1496,0.0491,0.65,0.0437,120.6456,79.8375,4.5348,1.1425,573.1,228.4086,1.2838,0.4657
train,FS-COD-NoSel,0.4583,0.138,0.7608,0.1336,0.5295,0.1296,0.4373,0.2014,2.0195,0.5278,13.8065,9.1596,2.6588,0.8142,0.2012,0.0558,0.5319,0.1143,209.9599,133.0846,2.5348,0.8114,43.9,46.2519,5.7106,5.6684
train,FS-COD-NoTex,0.4729,0.1336,0.7784,0.1233,0.5496,0.1325,0.4652,0.2039,1.9044,0.5149,13.2321,8.2062,2.7381,1.124,0.1997,0.0535,0.4955,0.1261,195.0675,114.4357,2.5444,0.747,27.44,22.1152,4.1329,2.6111
train,Felzenszwalb,0.3908,0.1171,0.7501,0.1485,0.3379,0.1651,0.2629,0.2081,4.2451,1.2461,13.436,6.865,2.6296,0.896,0.1745,0.0438,0.2178,0.028,99.7728,47.6978,6.1928,1.3915,324.445,125.7276,0.3532,0.0532
train,MeanShift,0.3688,0.111,0.7351,0.1376,0.3154,0.1242,0.2182,0.152,4.3695,1.2881,13.4348,7.1191,2.9742,1.3658,0.1896,0.045,0.4852,0.0211,54.5319,21.5098,6.1335,1.5599,2742.74,2311.3663,2.666,1.5823
train,Quickshift,0.3267,0.1006,0.6899,0.1679,0.1097,0.0448,0.0473,0.0331,5.4653,0.7157,15.8634,7.3491,3.1226,0.7543,0.1825,0.0568,0.2677,0.0536,59.8091,26.4287,7.4185,0.3576,340.245,161.2649,5.4857,0.436
train,SLIC,0.3401,0.0941,0.69,0.168,0.0989,0.0462,0.0519,0.0371,5.0929,0.6962,15.9474,7.1549,1.9879,0.4309,0.1485,0.044,0.3853,0.1277,136.2334,91.4072,6.8555,0.1984,124.19,12.443,0.3862,0.0606
train,Watershed,0.39,0.1576,0.6887,0.1777,0.4454,0.1717,0.3111,0.239,2.7472,1.1638,15.9577,9.9853,5.0465,3.4398,0.3365,0.0544,0.4899,0.0734,279.6749,183.3875,2.9447,1.8056,314.81,369.232,0.1481,0.0293
val,FS-COD,0.4706,0.141,0.7804,0.1235,0.5498,0.1443,0.4623,0.2124,2.0103,0.6101,12.8542,6.6478,2.2196,0.7664,0.1805,0.0563,0.5147,0.0944,193.5342,99.6898,2.6528,0.7566,48.21,61.6521,5.309,2.6994
val,FS-COD-NoComp,0.3767,0.1202,0.7555,0.1327,0.4297,0.1403,0.3305,0.1963,3.4215,0.96,13.5947,6.3899,1.8711,0.6076,0.1532,0.0476,0.6531,0.0432,115.9943,61.8283,4.6589,1.1951,618.91,241.1693,1.313,0.4264
val,FS-COD-NoSel,0.432,0.16,0.733,0.1478,0.5107,0.149,0.3948,0.2329,2.0935,0.5901,15.1627,7.8236,2.5139,0.8541,0.2049,0.0614,0.5308,0.11,204.3768,107.6197,2.3411,0.7978,45.64,55.0593,5.9782,4.5749
val,FS-COD-NoTex,0.4569,0.1468,0.7676,0.1227,0.5303,0.1414,0.4363,0.2089,2.0297,0.6157,13.6955,6.912,2.5607,1.1028,0.2029,0.06,0.4913,0.1084,191.449,98.6083,2.5117,0.7048,31.05,38.1383,4.8547,4.4535
val,Felzenszwalb,0.3714,0.1144,0.7319,0.1546,0.2894,0.1499,0.207,0.1804,4.5127,1.2052,14.6003,7.2698,2.4291,0.6697,0.1752,0.0411,0.2203,0.0228,99.2799,41.9122,6.4292,1.2407,334.19,122.851,0.3383,0.0308
val,MeanShift,0.3547,0.1105,0.7307,0.1423,0.3019,0.1246,0.2049,0.1477,4.5114,1.2868,14.301,6.5335,2.7848,1.3734,0.1894,0.0478,0.4852,0.0209,57.2121,24.6451,6.1895,1.4501,2830.75,2214.9139,2.7219,1.4581
val,Quickshift,0.3174,0.0954,0.6936,0.1631,0.1093,0.0429,0.0472,0.0304,5.4851,0.7473,16.4227,7.4225,3.0043,0.8448,0.1848,0.0506,0.2703,0.055,63.0309,28.0621,7.4221,0.3718,354.84,225.5527,5.3604,0.1783
val,SLIC,0.3261,0.0904,0.6937,0.1629,0.0972,0.0406,0.0505,0.0304,5.1037,0.6486,16.6327,7.39,1.8912,0.4126,0.1523,0.0431,0.3626,0.1213,134.4165,76.8044,6.8566,0.1705,123.78,11.5659,0.3724,0.0385
val,Watershed,0.3912,0.1575,0.669,0.1775,0.4296,0.173,0.2872,0.2417,2.8111,1.2407,16.2638,8.0363,4.7075,3.1557,0.333,0.0595,0.4837,0.0384,265.7986,154.0877,2.9123,1.8005,293.63,281.1879,0.1469,0.0207
