split,metric,baseline,ours,theirs,stat,p,n
train,BF,SLIC,0.4846574199864284,0.34005771113105737,732.0,5.929535522367036e-30,200
train,BF,Felzenszwalb,0.4846574199864284,0.3908296848152489,2131.0,4.349960801015141e-22,200
train,BF,Quickshift,0.4846574199864284,0.32669638633201814,665.0,2.3165275740384035e-30,200
train,BF,Watershed,0.4846574199864284,0.39003350338336445,3298.0,1.7425330749214055e-16,200
train,BF,MeanShift,0.4846574199864284,0.3688213350590748,1135.0,1.47041933562334e-27,200
train,PRI,SLIC,0.7928726228824334,0.6899890704846166,1914.0,3.16700636268476e-23,200
train,PRI,Felzenszwalb,0.7928726228824334,0.7501362409696523,5286.0,6.1403136865643615e-09,200
train,PRI,Quickshift,0.7928726228824334,0.6899245649863665,1902.0,2.7343074491955234e-23,200
train,PRI,Watershed,0.7928726228824334,0.688657869514478,4324.0,2.814382125767733e-12,200
train,PRI,MeanShift,0.7928726228824334,0.7351444178286795,3548.0,2.1297471714175673e-15,200
train,COV,SLIC,0.5647445618358852,0.09892551629633474,0.0,1.4361464127613523e-34,200
train,COV,Felzenszwalb,0.5647445618358852,0.33791664922342923,699.0,3.735384276054905e-30,200
train,COV,Quickshift,0.5647445618358852,0.10967991760095877,0.0,1.4361464127613523e-34,200
train,COV,Watershed,0.5647445618358852,0.4453598843815798,3554.0,2.2590719513954436e-15,200
train,COV,MeanShift,0.5647445618358852,0.31540604937308886,122.0,8.920700630771238e-34,200
train,ARI,SLIC,0.48943969859620506,0.05192356272156618,13.0,1.7465265977615162e-34,200
train,ARI,Felzenszwalb,0.48943969859620506,0.26290677156327324,1329.0,1.9184230660448842e-26,200
train,ARI,Quickshift,0.48943969859620506,0.047283914524111896,8.0,1.6199618565725039e-34,200
train,ARI,Watershed,0.48943969859620506,0.311100995804325,3561.0,2.419747712901091e-15,200
train,ARI,MeanShift,0.48943969859620506,0.2182270796565749,227.0,4.221006941765321e-33,200
train,VOI,SLIC,1.8972040628497553,5.09294250827558,0.0,1.4361464127613523e-34,200
train,VOI,Felzenszwalb,1.8972040628497553,4.245113278137905,87.0,5.294434231636183e-34,200
train,VOI,Quickshift,1.8972040628497553,5.465318995677531,0.0,1.4361464127613523e-34,200
train,VOI,Watershed,1.8972040628497553,2.747172218089725,2697.0,2.914128990062351e-19,200
train,VOI,MeanShift,1.8972040628497553,4.369511543000751,5.0,1.5484416002283044e-34,200
train,BDE,SLIC,12.653707080661812,15.932359149756927,4445.0,2.1484274781218152e-11,198
train,BDE,Felzenszwalb,12.653707080661812,13.402256071287292,8025.0,0.02374877827167934,198
train,BDE,Quickshift,12.653707080661812,15.852313512135984,4843.0,5.554585230159579e-10,198
train,BDE,Watershed,12.653707080661812,15.96559800669753,5281.0,1.51332942458412e-08,198
train,BDE,MeanShift,12.653707080661812,13.417929267270681,7724.0,0.008438420584977813,198
